user_genome,classification,fastani_reference,fastani_reference_radius,fastani_taxonomy,fastani_ani,fastani_af,closest_placement_reference,closest_placement_taxonomy,closest_placement_ani,closest_placement_af,classification_method,note,"other_related_references(genome_id,species_name,radius,ANI,AF)",aa_percent,red_value,warnings
SB_biofilm_MAG_19,d__Bacteria;p__Proteobacteria;c__Alphaproteobacteria;o__Caulobacterales;f__Maricaulaceae;g__Euryhalocaulis;s__Euryhalocaulis caribicus,GCF_000412185.1,95,d__Bacteria;p__Proteobacteria;c__Alphaproteobacteria;o__Caulobacterales;f__Maricaulaceae;g__Euryhalocaulis;s__Euryhalocaulis caribicus,96.27,0.92,GCF_000412185.1,d__Bacteria;p__Proteobacteria;c__Alphaproteobacteria;o__Caulobacterales;f__Maricaulaceae;g__Euryhalocaulis;s__Euryhalocaulis caribicus,96.27,0.92,ANI/Placement,topological placement and ANI have congruent species assignments,N/A,92.57,N/A,N/A
SB_biofilm_MAG_75,d__Bacteria;p__Proteobacteria;c__Alphaproteobacteria;o__Caulobacterales;f__Parvularculaceae;g__UBA4496;s__GCA_001657385.1,GCA_001657385.1,95,d__Bacteria;p__Proteobacteria;c__Alphaproteobacteria;o__Caulobacterales;f__Parvularculaceae;g__UBA4496;s__,99,0.96,GCA_001657385.1,d__Bacteria;p__Proteobacteria;c__Alphaproteobacteria;o__Caulobacterales;f__Parvularculaceae;g__UBA4496;s__,99,0.96,ANI/Placement,topological placement and ANI have congruent species assignments,"GCA_002704915.1, s__, 95.0, 77.3, 0.3",63.2,N/A,N/A
SB_biofilm_MAG_73,d__Bacteria;p__Chloroflexota;c__Anaerolineae;o__SBR1031;f__A4b;g__GCA-2699585;s__,GCA_002699585.1,95,d__Bacteria;p__Chloroflexota;c__Anaerolineae;o__SBR1031;f__A4b;g__GCA-2699585;s__,75.4,0.06,N/A,N/A,N/A,N/A,Placement,taxonomic novelty determined using RED,N/A,59.94,0.880914969,N/A
SB_biofilm_MAG_17,d__Bacteria;p__Chloroflexota;c__Anaerolineae;o__SBR1031;f__A4b;g__UBA6055;s__,N/A,N/A,N/A,N/A,N/A,N/A,N/A,N/A,N/A,Placement,taxonomic novelty determined using RED,N/A,97.4,0.91107424,N/A
SB_biofilm_MAG_54,d__Bacteria;p__Cyanobacteriota;c__Cyanobacteriia;o__Cyanobacteriales;f__Rubidibacteraceae;g__Rubidibacter;s__,GCF_000473895.1,95,d__Bacteria;p__Cyanobacteriota;c__Cyanobacteriia;o__Cyanobacteriales;f__Rubidibacteraceae;g__Rubidibacter;s__Rubidibacter lacunae,76.65,0.16,N/A,N/A,N/A,N/A,Placement,taxonomic novelty determined using RED,N/A,83.48,0.903471135,N/A
SB_biofilm_MAG_10,d__Bacteria;p__Cyanobacteriota;c__Cyanobacteriia;o__Phormidesmiales;f__Phormidesmiaceae;g__PCC-6406;s__,GCF_000332095.2,95,d__Bacteria;p__Cyanobacteriota;c__Cyanobacteriia;o__Phormidesmiales;f__Phormidesmiaceae;g__PCC-6406;s__,76.2,0.1,N/A,N/A,N/A,N/A,Placement,taxonomic novelty determined using RED,N/A,96.6,0.895548997,N/A
SB_biofilm_MAG_34,d__Bacteria;p__Cyanobacteriota;c__Cyanobacteriia;o__Pseudophormidiales;f__Pseudophormidiaceae;g__;s__,GCF_001548395.1,95,d__Bacteria;p__Cyanobacteriota;c__Cyanobacteriia;o__Pseudophormidiales;f__Pseudophormidiaceae;g__O-77;s__,75.97,0.12,N/A,N/A,N/A,N/A,Placement,taxonomic novelty determined using RED,N/A,92.23,0.824870869,N/A
SB_biofilm_MAG_30,d__Bacteria;p__BRC1;c__UBA8349;o__;f__;g__;s__,N/A,N/A,N/A,N/A,N/A,N/A,N/A,N/A,N/A,Placement,taxonomic novelty determined using RED,N/A,89.67,0.500413834,N/A
SB_biofilm_MAG_15,d__Bacteria;p__Bacteroidota;c__Bacteroidia;o__Flavobacteriales;f__Flavobacteriaceae;g__Muricauda;s__,GCF_000224085.1,95,d__Bacteria;p__Bacteroidota;c__Bacteroidia;o__Flavobacteriales;f__Flavobacteriaceae;g__Muricauda;s__Muricauda ruestringensis,82.8,0.7,N/A,N/A,N/A,N/A,Placement,taxonomic classification fully defined by topology,"GCA_002711825.1, s__, 95.0, 82.28, 0.49; GCF_002813125.1, s__, 95.0, 82.18, 0.67; GCA_002167435.1, s__, 95.0, 82.14, 0.63; GCA_002696215.1, s__, 95.0, 82.06, 0.53; GCF_900106825.1, s__Muricauda zhangzhouensis, 95.0, 79.23, 0.51; GCF_001683915.1, s__, 95.0, 78.98, 0.45; GCF_000745185.1, s__, 95.0, 78.64, 0.43; GCF_900142405.1, s__Muricauda antarctica, 95.0, 78.46, 0.4",92.77,0.988485218,N/A
SB_biofilm_MAG_39,d__Bacteria;p__Bacteroidota;c__Bacteroidia;o__Flavobacteriales;f__;g__;s__,N/A,N/A,N/A,N/A,N/A,N/A,N/A,N/A,N/A,Placement,taxonomic novelty determined using RED,N/A,94.58,0.753265509,N/A
SB_biofilm_MAG_42,d__Bacteria;p__Bacteroidota;c__Bacteroidia;o__Flavobacteriales;f__;g__;s__,N/A,N/A,N/A,N/A,N/A,N/A,N/A,N/A,N/A,Placement,taxonomic novelty determined using RED,N/A,90.39,0.752363276,N/A
SB_biofilm_MAG_3,d__Bacteria;p__Bacteroidota;c__Bacteroidia;o__Flavobacteriales;f__koll-22;g__UBA1494;s__,GCA_002706365.1,95,d__Bacteria;p__Bacteroidota;c__Bacteroidia;o__Flavobacteriales;f__koll-22;g__UBA1494;s__,78.65,0.43,N/A,N/A,N/A,N/A,Placement,taxonomic classification fully defined by topology,N/A,99.17,0.959233579,N/A
SB_biofilm_MAG_55,d__Bacteria;p__Bacteroidota;c__Bacteroidia;o__Chitinophagales;f__Saprospiraceae;g__Aureispira;s__,GCF_000724545.1,95,d__Bacteria;p__Bacteroidota;c__Bacteroidia;o__Chitinophagales;f__Saprospiraceae;g__Aureispira;s__,75.69,0.06,N/A,N/A,N/A,N/A,Placement,taxonomic novelty determined using RED,N/A,92.27,0.888963827,N/A
SB_biofilm_MAG_46,d__Bacteria;p__Bacteroidota;c__Bacteroidia;o__Chitinophagales;f__Saprospiraceae;g__Phaeodactylibacter;s__,GCF_000759025.1,95,d__Bacteria;p__Bacteroidota;c__Bacteroidia;o__Chitinophagales;f__Saprospiraceae;g__Phaeodactylibacter;s__Phaeodactylibacter xiamenensis,76.18,0.08,N/A,N/A,N/A,N/A,Placement,taxonomic novelty determined using RED,N/A,92.04,0.904943894,N/A
SB_biofilm_MAG_62,d__Bacteria;p__Bacteroidota;c__Bacteroidia;o__Chitinophagales;f__Saprospiraceae;g__;s__,N/A,N/A,N/A,N/A,N/A,N/A,N/A,N/A,N/A,Placement,taxonomic classification fully defined by topology,N/A,82.34,0.822408169,N/A
SB_biofilm_MAG_11,d__Bacteria;p__Bacteroidota;c__Bacteroidia;o__Chitinophagales;f__Saprospiraceae;g__;s__,N/A,N/A,N/A,N/A,N/A,N/A,N/A,N/A,N/A,Placement,taxonomic classification fully defined by topology,N/A,96.9,0.805803251,N/A
SB_biofilm_MAG_81,d__Bacteria;p__Bacteroidota;c__Bacteroidia;o__Cytophagales;f__Cyclobacteriaceae;g__Ekhidna;s__,GCF_900188325.1,95,d__Bacteria;p__Bacteroidota;c__Bacteroidia;o__Cytophagales;f__Cyclobacteriaceae;g__Ekhidna;s__Ekhidna lutea,76.59,0.1,N/A,N/A,N/A,N/A,Placement,taxonomic novelty determined using RED,N/A,49.93,0.937455735,N/A
SB_biofilm_MAG_1,d__Bacteria;p__Bacteroidota;c__Bacteroidia;o__Cytophagales;f__Cyclobacteriaceae;g__Marivirga;s__,N/A,N/A,N/A,N/A,N/A,N/A,N/A,N/A,N/A,Placement,taxonomic novelty determined using RED,N/A,97.54,0.971617838,N/A
SB_biofilm_MAG_2,d__Bacteria;p__Bacteroidota;c__Bacteroidia;o__Cytophagales;f__Cyclobacteriaceae;g__;s__,N/A,N/A,N/A,N/A,N/A,N/A,N/A,N/A,N/A,Placement,taxonomic novelty determined using RED,N/A,97.44,0.898857821,N/A
SB_biofilm_MAG_83,d__Bacteria;p__Bacteroidota;c__Bacteroidia;o__Cytophagales;f__Cyclobacteriaceae;g__;s__,N/A,N/A,N/A,N/A,N/A,N/A,N/A,N/A,N/A,Placement,taxonomic classification fully defined by topology,N/A,51.2,0.79641849,N/A
SB_biofilm_MAG_5,d__Bacteria;p__Bacteroidota;c__Bacteroidia;o__Cytophagales;f__Cyclobacteriaceae;g__Fulvivirga;s__,GCF_000331535.1,95,d__Bacteria;p__Bacteroidota;c__Bacteroidia;o__Cytophagales;f__Cyclobacteriaceae;g__Fulvivirga;s__Fulvivirga imtechensis,76.22,0.06,N/A,N/A,N/A,N/A,Placement,taxonomic novelty determined using RED,N/A,98.21,0.886998796,N/A
SB_biofilm_MAG_4,d__Bacteria;p__Bacteroidota;c__Bacteroidia;o__Cytophagales;f__Cyclobacteriaceae;g__Fulvivirga;s__,GCF_000331535.1,95,d__Bacteria;p__Bacteroidota;c__Bacteroidia;o__Cytophagales;f__Cyclobacteriaceae;g__Fulvivirga;s__Fulvivirga imtechensis,76.8,0.06,N/A,N/A,N/A,N/A,Placement,taxonomic novelty determined using RED,N/A,98.27,0.886262212,N/A
SB_biofilm_MAG_69,d__Bacteria;p__Bacteroidota;c__Bacteroidia;o__Cytophagales;f__Cyclobacteriaceae;g__Fulvivirga;s__,GCF_000331535.1,95,d__Bacteria;p__Bacteroidota;c__Bacteroidia;o__Cytophagales;f__Cyclobacteriaceae;g__Fulvivirga;s__Fulvivirga imtechensis,76.34,0.05,N/A,N/A,N/A,N/A,Placement,taxonomic novelty determined using RED,N/A,65.74,0.886029354,N/A
SB_biofilm_MAG_56,d__Bacteria;p__Bacteroidota;c__Bacteroidia;o__Cytophagales;f__Cyclobacteriaceae;g__;s__,N/A,N/A,N/A,N/A,N/A,N/A,N/A,N/A,N/A,Placement,taxonomic classification fully defined by topology,N/A,80.24,0.734432913,N/A
SB_biofilm_MAG_6,d__Bacteria;p__Bacteroidota;c__Bacteroidia;o__Cytophagales;f__Cyclobacteriaceae;g__;s__,N/A,N/A,N/A,N/A,N/A,N/A,N/A,N/A,N/A,Placement,taxonomic classification fully defined by topology,N/A,95.09,0.73278407,N/A
SB_biofilm_MAG_45,d__Bacteria;p__Bacteroidota;c__Bacteroidia;o__Cytophagales;f__;g__;s__,N/A,N/A,N/A,N/A,N/A,N/A,N/A,N/A,N/A,Placement,taxonomic novelty determined using RED,N/A,84.59,0.705538147,N/A
SB_biofilm_MAG_14,d__Bacteria;p__Bacteroidota;c__Bacteroidia;o__;f__;g__;s__,N/A,N/A,N/A,N/A,N/A,N/A,N/A,N/A,N/A,Placement,taxonomic novelty determined using RED,N/A,97.14,0.529162684,N/A
SB_biofilm_MAG_84,d__Bacteria;p__Bacteroidota;c__Bacteroidia;o__;f__;g__;s__,N/A,N/A,N/A,N/A,N/A,N/A,N/A,N/A,N/A,Placement,taxonomic novelty determined using RED,N/A,36.68,0.52389632,N/A
SB_biofilm_MAG_71,d__Bacteria;p__Hydrogenedentota;c__Hydrogenedentia;o__Hydrogenedentiales;f__;g__;s__,N/A,N/A,N/A,N/A,N/A,N/A,N/A,N/A,N/A,Placement,taxonomic novelty determined using RED,N/A,64.37,0.656267038,N/A
SB_biofilm_MAG_53,d__Bacteria;p__Planctomycetota;c__UBA1135;o__UBA1135;f__GCA-002686595;g__GCA-2862085;s__,GCA_002862085.1,95,d__Bacteria;p__Planctomycetota;c__UBA1135;o__UBA1135;f__GCA-002686595;g__GCA-2862085;s__,79.09,0.42,N/A,N/A,N/A,N/A,Placement,taxonomic novelty determined using RED,N/A,84.73,0.926466486,N/A
SB_biofilm_MAG_37,d__Bacteria;p__Planctomycetota;c__Planctomycetes;o__Planctomycetales;f__Planctomycetaceae;g__Rubinisphaera;s__,GCF_000165715.2,95,d__Bacteria;p__Planctomycetota;c__Planctomycetes;o__Planctomycetales;f__Planctomycetaceae;g__Rubinisphaera;s__Rubinisphaera brasiliensis,83.38,0.63,N/A,N/A,N/A,N/A,Placement,taxonomic novelty determined using RED,N/A,91.06,0.976848689,N/A
SB_biofilm_MAG_60,d__Bacteria;p__Planctomycetota;c__Planctomycetes;o__Pirellulales;f__Pirellulaceae;g__Blastopirellula;s__,GCF_000153105.1,95,d__Bacteria;p__Planctomycetota;c__Planctomycetes;o__Pirellulales;f__Pirellulaceae;g__Blastopirellula;s__Blastopirellula marina,76.06,0.1,N/A,N/A,N/A,N/A,Placement,taxonomic novelty determined using RED,N/A,71,0.884372005,N/A
SB_biofilm_MAG_33,d__Bacteria;p__Planctomycetota;c__Planctomycetes;o__Pirellulales;f__Pirellulaceae;g__Blastopirellula;s__,GCF_000153105.1,95,d__Bacteria;p__Planctomycetota;c__Planctomycetes;o__Pirellulales;f__Pirellulaceae;g__Blastopirellula;s__Blastopirellula marina,76.25,0.1,N/A,N/A,N/A,N/A,Placement,taxonomic novelty determined using RED,N/A,84.15,0.881708795,N/A
SB_biofilm_MAG_38,d__Bacteria;p__Planctomycetota;c__Planctomycetes;o__Pirellulales;f__Pirellulaceae;g__;s__,N/A,N/A,N/A,N/A,N/A,N/A,N/A,N/A,N/A,Placement,taxonomic classification fully defined by topology,N/A,85.38,0.841108653,N/A
SB_biofilm_MAG_66,d__Bacteria;p__Planctomycetota;c__Phycisphaerae;o__Phycisphaerales;f__Phycisphaeraceae;g__;s__,GCF_000284115.1,95,d__Bacteria;p__Planctomycetota;c__Phycisphaerae;o__Phycisphaerales;f__Phycisphaeraceae;g__Phycisphaera;s__Phycisphaera mikurensis,76.64,0.27,N/A,N/A,N/A,N/A,Placement,taxonomic novelty determined using RED,N/A,77.95,0.792883777,N/A
SB_biofilm_MAG_76,d__Bacteria;p__Planctomycetota;c__Phycisphaerae;o__Phycisphaerales;f__Phycisphaeraceae;g__;s__,GCF_000284115.1,95,d__Bacteria;p__Planctomycetota;c__Phycisphaerae;o__Phycisphaerales;f__Phycisphaeraceae;g__Phycisphaera;s__Phycisphaera mikurensis,76.22,0.17,N/A,N/A,N/A,N/A,Placement,taxonomic novelty determined using RED,N/A,53.82,0.792167024,N/A
SB_biofilm_MAG_26,d__Bacteria;p__Planctomycetota;c__Phycisphaerae;o__Phycisphaerales;f__SM1A02;g__UBA1924;s__,N/A,N/A,N/A,N/A,N/A,N/A,N/A,N/A,N/A,Placement,taxonomic novelty determined using RED,N/A,89.22,0.882670083,N/A
SB_biofilm_MAG_7,d__Bacteria;p__Planctomycetota;c__Phycisphaerae;o__Phycisphaerales;f__SM1A02;g__;s__,N/A,N/A,N/A,N/A,N/A,N/A,N/A,N/A,N/A,Placement,taxonomic classification fully defined by topology,N/A,91.36,0.748946783,N/A
SB_biofilm_MAG_49,d__Bacteria;p__Planctomycetota;c__Phycisphaerae;o__Phycisphaerales;f__SM1A02;g__;s__,N/A,N/A,N/A,N/A,N/A,N/A,N/A,N/A,N/A,Placement,taxonomic classification fully defined by topology,N/A,76.17,0.748936289,N/A
SB_biofilm_MAG_82,d__Bacteria;p__Planctomycetota;c__Phycisphaerae;o__Phycisphaerales;f__SM1A02;g__;s__,N/A,N/A,N/A,N/A,N/A,N/A,N/A,N/A,N/A,Placement,taxonomic classification fully defined by topology,N/A,39.17,0.746022717,N/A
SB_biofilm_MAG_36,d__Bacteria;p__Verrucomicrobiota;c__Chlamydiia;o__Parachlamydiales;f__Waddliaceae;g__;s__,N/A,N/A,N/A,N/A,N/A,N/A,N/A,N/A,N/A,Placement,taxonomic novelty determined using RED,N/A,91.8,0.795985763,N/A
SB_biofilm_MAG_78,d__Bacteria;p__Verrucomicrobiota;c__Verrucomicrobiae;o__Opitutales;f__Puniceicoccaceae;g__;s__,N/A,N/A,N/A,N/A,N/A,N/A,N/A,N/A,N/A,Placement,taxonomic classification fully defined by topology,N/A,57.02,0.87056742,N/A
SB_biofilm_MAG_52,d__Bacteria;p__Verrucomicrobiota;c__Verrucomicrobiae;o__Opitutales;f__Puniceicoccaceae;g__;s__,N/A,N/A,N/A,N/A,N/A,N/A,N/A,N/A,N/A,Placement,taxonomic novelty determined using RED,N/A,79.01,0.729572043,N/A
SB_biofilm_MAG_9,d__Bacteria;p__Verrucomicrobiota;c__Verrucomicrobiae;o__Opitutales;f__;g__;s__,N/A,N/A,N/A,N/A,N/A,N/A,N/A,N/A,N/A,Placement,taxonomic classification fully defined by topology,N/A,90.33,0.688053047,N/A
SB_biofilm_MAG_61,d__Bacteria;p__Verrucomicrobiota;c__Verrucomicrobiae;o__Methylacidiphilales;f__UBA1321;g__;s__,GCA_002304345.1,95,d__Bacteria;p__Verrucomicrobiota;c__Verrucomicrobiae;o__Methylacidiphilales;f__UBA1321;g__UBA1321;s__,76.01,0.07,N/A,N/A,N/A,N/A,Placement,taxonomic novelty determined using RED,N/A,74.02,0.741346053,N/A
SB_biofilm_MAG_23,d__Bacteria;p__Verrucomicrobiota;c__Verrucomicrobiae;o__Chthoniobacterales;f__;g__;s__,N/A,N/A,N/A,N/A,N/A,N/A,N/A,N/A,N/A,Placement,taxonomic classification fully defined by topology,N/A,87.77,0.731176067,N/A
SB_biofilm_MAG_8,d__Bacteria;p__Verrucomicrobiota;c__Verrucomicrobiae;o__Chthoniobacterales;f__;g__;s__,N/A,N/A,N/A,N/A,N/A,N/A,N/A,N/A,N/A,Placement,taxonomic novelty determined using RED,N/A,91.06,0.643900401,N/A
SB_biofilm_MAG_18,d__Bacteria;p__Verrucomicrobiota;c__Verrucomicrobiae;o__Verrucomicrobiales;f__Akkermansiaceae;g__Haloferula;s__,GCF_000739615.1,95,d__Bacteria;p__Verrucomicrobiota;c__Verrucomicrobiae;o__Verrucomicrobiales;f__Akkermansiaceae;g__Haloferula;s__,77.61,0.28,N/A,N/A,N/A,N/A,Placement,taxonomic novelty determined using RED,N/A,88.84,0.884200016,N/A
SB_biofilm_MAG_28,d__Bacteria;p__Myxococcota;c__Polyangia;o__Polyangiales;f__SG8-38;g__;s__,GCA_002699025.1,95,d__Bacteria;p__Myxococcota;c__Polyangia;o__Polyangiales;f__SG8-38;g__GCA-2699025;s__,78.04,0.46,N/A,N/A,N/A,N/A,Placement,taxonomic novelty determined using RED,N/A,91.5,0.855560128,N/A
SB_biofilm_MAG_48,d__Bacteria;p__Myxococcota;c__UBA796;o__UBA796;f__GCA-2862545;g__;s__,GCA_002862545.1,95,d__Bacteria;p__Myxococcota;c__UBA796;o__UBA796;f__GCA-2862545;g__GCA-2862545;s__,76.19,0.13,N/A,N/A,N/A,N/A,Placement,taxonomic novelty determined using RED,N/A,96.41,0.763057733,N/A
SB_biofilm_MAG_59,d__Bacteria;p__Myxococcota;c__UBA796;o__UBA796;f__GCA-2862545;g__;s__,GCA_002862545.1,95,d__Bacteria;p__Myxococcota;c__UBA796;o__UBA796;f__GCA-2862545;g__GCA-2862545;s__,75.76,0.11,N/A,N/A,N/A,N/A,Placement,taxonomic novelty determined using RED,N/A,73.88,0.755097464,N/A
SB_biofilm_MAG_43,d__Bacteria;p__Myxococcota;c__UBA796;o__UBA796;f__GCA-2862545;g__;s__,GCA_002862545.1,95,d__Bacteria;p__Myxococcota;c__UBA796;o__UBA796;f__GCA-2862545;g__GCA-2862545;s__,75.86,0.12,N/A,N/A,N/A,N/A,Placement,taxonomic novelty determined using RED,N/A,96.58,0.734336395,N/A
SB_biofilm_MAG_70,d__Bacteria;p__Proteobacteria;c__Alphaproteobacteria;o__UBA998;f__;g__;s__,N/A,N/A,N/A,N/A,N/A,N/A,N/A,N/A,N/A,Placement,taxonomic novelty determined using RED,N/A,64.75,0.620618595,N/A
SB_biofilm_MAG_63,d__Bacteria;p__Proteobacteria;c__Alphaproteobacteria;o__MC1;f__;g__;s__,N/A,N/A,N/A,N/A,N/A,N/A,N/A,N/A,N/A,Placement,taxonomic novelty determined using RED,N/A,89.31,0.560430284,N/A
SB_biofilm_MAG_51,d__Bacteria;p__Proteobacteria;c__Alphaproteobacteria;o__Micavibrionales;f__Micavibrionaceae;g__;s__,N/A,N/A,N/A,N/A,N/A,N/A,N/A,N/A,N/A,Placement,taxonomic novelty determined using RED,N/A,85.84,0.888133351,N/A
SB_biofilm_MAG_35,d__Bacteria;p__Proteobacteria;c__Alphaproteobacteria;o__Micavibrionales;f__Micavibrionaceae;g__;s__,N/A,N/A,N/A,N/A,N/A,N/A,N/A,N/A,N/A,Placement,taxonomic novelty determined using RED,N/A,98.47,0.850898747,N/A
SB_biofilm_MAG_80,d__Bacteria;p__Proteobacteria;c__Alphaproteobacteria;o__Micavibrionales;f__Micavibrionaceae;g__;s__,N/A,N/A,N/A,N/A,N/A,N/A,N/A,N/A,N/A,Placement,taxonomic novelty determined using RED,N/A,48.24,0.849195535,N/A
SB_biofilm_MAG_27,d__Bacteria;p__Proteobacteria;c__Alphaproteobacteria;o__Geminicoccales;f__;g__;s__,N/A,N/A,N/A,N/A,N/A,N/A,N/A,N/A,N/A,Placement,taxonomic novelty determined using RED,N/A,93.96,0.727898999,Genome has more than 10.8% of markers with multiple hits
SB_biofilm_MAG_40,d__Bacteria;p__Proteobacteria;c__Alphaproteobacteria;o__Rhizobiales;f__Rhodomicrobiaceae;g__Rhodomicrobium_A;s__,GCF_002198685.1,95,d__Bacteria;p__Proteobacteria;c__Alphaproteobacteria;o__Rhizobiales;f__Rhodomicrobiaceae;g__Rhodomicrobium_A;s__Rhodomicrobium_A vannielii,77.77,0.29,N/A,N/A,N/A,N/A,Placement,taxonomic novelty determined using RED,N/A,91.12,0.899795989,N/A
SB_biofilm_MAG_13,d__Bacteria;p__Proteobacteria;c__Alphaproteobacteria;o__Rhizobiales;f__Devosiaceae;g__;s__,N/A,N/A,N/A,N/A,N/A,N/A,N/A,N/A,N/A,Placement,taxonomic classification fully defined by topology,N/A,99.52,0.851224229,N/A
SB_biofilm_MAG_77,d__Bacteria;p__Proteobacteria;c__Alphaproteobacteria;o__Rhizobiales;f__Stappiaceae;g__Labrenzia;s__,GCF_002237595.1,95,d__Bacteria;p__Proteobacteria;c__Alphaproteobacteria;o__Rhizobiales;f__Stappiaceae;g__Labrenzia;s__,79.24,0.43,N/A,N/A,N/A,N/A,Placement,taxonomic classification fully defined by topology,"GCF_000168975.1, s__Labrenzia aggregata, 95.0, 79.16, 0.47; GCF_001579905.1, s__Labrenzia sp1, 95.0, 79.11, 0.44; GCF_001404515.1, s__Labrenzia alba, 95.0, 77.96, 0.3; GCA_001890945.1, s__, 95.0, 77.58, 0.24; GCF_000158095.1, s__Labrenzia alexandrii, 95.0, 77.49, 0.24; GCF_900142725.1, s__Labrenzia suaedae, 95.0, 77.42, 0.24; GCF_001404055.1, s__Labrenzia alba_A, 95.0, 77.36, 0.24; GCF_000148725.1, s__, 95.0, 76.94, 0.1",59.09,0.9741086,N/A
SB_biofilm_MAG_57,d__Bacteria;p__Proteobacteria;c__Alphaproteobacteria;o__Parvibaculales;f__Phaeomarinobacteraceae;g__Phaeomarinobacter;s__,GCF_000689395.1,95,d__Bacteria;p__Proteobacteria;c__Alphaproteobacteria;o__Parvibaculales;f__Phaeomarinobacteraceae;g__Phaeomarinobacter;s__Phaeomarinobacter ectocarpi,79.04,0.47,N/A,N/A,N/A,N/A,Placement,taxonomic novelty determined using RED,N/A,79.32,0.928909308,N/A
SB_biofilm_MAG_22,d__Bacteria;p__Proteobacteria;c__Alphaproteobacteria;o__Caulobacterales;f__Parvularculaceae;g__;s__,N/A,N/A,N/A,N/A,N/A,N/A,N/A,N/A,N/A,Placement,taxonomic novelty determined using RED,N/A,97.16,0.835390096,N/A
SB_biofilm_MAG_29,d__Bacteria;p__Proteobacteria;c__Alphaproteobacteria;o__Caulobacterales;f__Maricaulaceae;g__Oceanicaulis;s__,GCF_000152745.1,95,d__Bacteria;p__Proteobacteria;c__Alphaproteobacteria;o__Caulobacterales;f__Maricaulaceae;g__Oceanicaulis;s__,86.87,0.89,N/A,N/A,N/A,N/A,Placement,taxonomic classification fully defined by topology,"GCF_000420265.1, s__Oceanicaulis alexandrii, 95.0, 83.99, 0.83; GCA_001657295.1, s__, 95.0, 78.38, 0.4; GCA_001314625.1, s__Oceanicaulis sp2, 95.0, 77.55, 0.25",87.79,0.989931562,N/A
SB_biofilm_MAG_25,d__Bacteria;p__Proteobacteria;c__Alphaproteobacteria;o__Caulobacterales;f__Maricaulaceae;g__Maricaulis;s__,GCA_002707795.1,95,d__Bacteria;p__Proteobacteria;c__Alphaproteobacteria;o__Caulobacterales;f__Maricaulaceae;g__Maricaulis;s__Maricaulis sp1,85.26,0.58,N/A,N/A,N/A,N/A,Placement,taxonomic classification fully defined by topology,"GCA_002694345.1, s__, 95.0, 81.58, 0.42; GCF_001924955.1, s__, 95.0, 80.56, 0.59; GCF_000014745.1, s__Maricaulis maris, 95.0, 80.42, 0.57; GCF_900103475.1, s__Maricaulis salignorans, 95.0, 78.73, 0.48",78.17,0.975581215,N/A
SB_biofilm_MAG_74,d__Bacteria;p__Proteobacteria;c__Alphaproteobacteria;o__Rhodobacterales;f__Rhodobacteraceae;g__Ruegeria_A;s__,GCF_001681735.1,95,d__Bacteria;p__Proteobacteria;c__Alphaproteobacteria;o__Rhodobacterales;f__Rhodobacteraceae;g__Ruegeria_A;s__Ruegeria_A mobilis,86.52,0.64,N/A,N/A,N/A,N/A,Placement,taxonomic classification fully defined by topology,"GCF_000014065.1, s__, 95.0, 81.86, 0.59; GCF_001518015.1, s__, 95.0, 80.08, 0.57; GCA_001874255.1, s__, 95.0, 79.94, 0.54",48.92,0.991249106,N/A
SB_biofilm_MAG_47,d__Bacteria;p__Proteobacteria;c__Alphaproteobacteria;o__Rhodobacterales;f__Rhodobacteraceae;g__Ruegeria_A;s__,GCF_001681735.1,95,d__Bacteria;p__Proteobacteria;c__Alphaproteobacteria;o__Rhodobacterales;f__Rhodobacteraceae;g__Ruegeria_A;s__Ruegeria_A mobilis,82.84,0.62,N/A,N/A,N/A,N/A,Placement,taxonomic classification fully defined by topology,"GCF_001518015.1, s__, 95.0, 81.86, 0.6; GCF_000014065.1, s__, 95.0, 81.77, 0.58; GCA_001874255.1, s__, 95.0, 81.4, 0.57",80.6,0.989585969,N/A
SB_biofilm_MAG_64,d__Bacteria;p__Proteobacteria;c__Alphaproteobacteria;o__Rhodobacterales;f__Rhodobacteraceae;g__Ruegeria_A;s__,GCF_001681735.1,95,d__Bacteria;p__Proteobacteria;c__Alphaproteobacteria;o__Rhodobacterales;f__Rhodobacteraceae;g__Ruegeria_A;s__Ruegeria_A mobilis,82.97,0.67,N/A,N/A,N/A,N/A,Placement,taxonomic classification fully defined by topology,"GCF_000014065.1, s__, 95.0, 81.63, 0.62; GCF_001518015.1, s__, 95.0, 81.08, 0.59; GCA_001874255.1, s__, 95.0, 80.72, 0.55",68.04,0.989383939,N/A
SB_biofilm_MAG_58,d__Bacteria;p__Proteobacteria;c__Alphaproteobacteria;o__Rhodobacterales;f__Rhodobacteraceae;g__;s__,N/A,N/A,N/A,N/A,N/A,N/A,N/A,N/A,N/A,Placement,taxonomic novelty determined using RED,N/A,86.32,0.933133024,N/A
SB_biofilm_MAG_16,d__Bacteria;p__Proteobacteria;c__Alphaproteobacteria;o__Rhodobacterales;f__Rhodobacteraceae;g__;s__,N/A,N/A,N/A,N/A,N/A,N/A,N/A,N/A,N/A,Placement,taxonomic classification fully defined by topology,N/A,95.77,0.802439348,Genome has more than 10.0% of markers with multiple hits
SB_biofilm_MAG_12,d__Bacteria;p__Proteobacteria;c__Alphaproteobacteria;o__;f__;g__;s__,N/A,N/A,N/A,N/A,N/A,N/A,N/A,N/A,N/A,Placement,taxonomic classification fully defined by topology,N/A,97.14,0.630656905,N/A
SB_biofilm_MAG_50,d__Bacteria;p__Proteobacteria;c__Alphaproteobacteria;o__Sphingomonadales;f__Kordiimonadaceae;g__;s__,GCF_000710935.1,95,d__Bacteria;p__Proteobacteria;c__Alphaproteobacteria;o__Sphingomonadales;f__Kordiimonadaceae;g__Q-1;s__,75.9,0.07,N/A,N/A,N/A,N/A,Placement,taxonomic novelty determined using RED,N/A,86.12,0.764049116,N/A
SB_biofilm_MAG_24,d__Bacteria;p__Proteobacteria;c__Alphaproteobacteria;o__Thalassobaculales;f__Thalassobaculaceae;g__;s__,N/A,N/A,N/A,N/A,N/A,N/A,N/A,N/A,N/A,Placement,taxonomic novelty determined using RED,N/A,96.76,0.786707449,N/A
SB_biofilm_MAG_21,d__Bacteria;p__Proteobacteria;c__Alphaproteobacteria;o__Dongiales;f__Dongiaceae;g__;s__,GCF_000620685.1,95,d__Bacteria;p__Proteobacteria;c__Alphaproteobacteria;o__Dongiales;f__Dongiaceae;g__Dongia;s__,76.1,0.12,N/A,N/A,N/A,N/A,Placement,taxonomic novelty determined using RED,N/A,92.47,0.711203061,N/A
SB_biofilm_MAG_67,d__Bacteria;p__Proteobacteria;c__Alphaproteobacteria;o__Kiloniellales;f__Fodinicurvataceae;g__;s__,N/A,N/A,N/A,N/A,N/A,N/A,N/A,N/A,N/A,Placement,taxonomic classification fully defined by topology,N/A,63.91,0.741727092,N/A
SB_biofilm_MAG_32,d__Bacteria;p__Proteobacteria;c__Alphaproteobacteria;o__Kiloniellales;f__;g__;s__,N/A,N/A,N/A,N/A,N/A,N/A,N/A,N/A,N/A,Placement,taxonomic novelty determined using RED,N/A,95.37,0.704723444,N/A
SB_biofilm_MAG_79,d__Bacteria;p__Proteobacteria;c__Alphaproteobacteria;o__UBA7985;f__;g__;s__,N/A,N/A,N/A,N/A,N/A,N/A,N/A,N/A,N/A,Placement,taxonomic novelty determined using RED,N/A,59.56,0.604420465,N/A
SB_biofilm_MAG_20,d__Bacteria;p__Proteobacteria;c__Gammaproteobacteria;o__Ga0077536;f__;g__;s__,GCA_001464935.1,95,d__Bacteria;p__Proteobacteria;c__Gammaproteobacteria;o__Ga0077536;f__Ga0077536;g__Ga0077536;s__,76.33,0.15,N/A,N/A,N/A,N/A,Placement,taxonomic novelty determined using RED,N/A,99.11,0.65484067,N/A
SB_biofilm_MAG_41,d__Bacteria;p__Proteobacteria;c__Gammaproteobacteria;o__Nevskiales;f__Algiphilaceae;g__Algiphilus;s__,GCF_000733765.1,95,d__Bacteria;p__Proteobacteria;c__Gammaproteobacteria;o__Nevskiales;f__Algiphilaceae;g__Algiphilus;s__Algiphilus aromaticivorans,78.71,0.42,N/A,N/A,N/A,N/A,Placement,taxonomic novelty determined using RED,N/A,93.23,0.907431346,N/A
SB_biofilm_MAG_31,d__Bacteria;p__Proteobacteria;c__Gammaproteobacteria;o__UBA1113;f__UBA1113;g__GCA-2707205;s__,GCA_002707205.1,95,d__Bacteria;p__Proteobacteria;c__Gammaproteobacteria;o__UBA1113;f__UBA1113;g__GCA-2707205;s__,77.02,0.19,N/A,N/A,N/A,N/A,Placement,taxonomic novelty determined using RED,N/A,96.43,0.901356003,N/A
SB_biofilm_MAG_68,d__Bacteria;p__Proteobacteria;c__Gammaproteobacteria;o__Pseudomonadales;f__Hahellaceae;g__Marinobacter;s__,GCF_001650765.1,95,d__Bacteria;p__Proteobacteria;c__Gammaproteobacteria;o__Pseudomonadales;f__Hahellaceae;g__Marinobacter;s__Marinobacter sp3,90.37,0.81,N/A,N/A,N/A,N/A,Placement,taxonomic classification fully defined by topology,"GCF_900188435.1, s__, 95.0, 87.61, 0.75; GCF_001717765.1, s__Marinobacter adhaerens_A, 95.0, 86.85, 0.76; GCF_000166295.1, s__Marinobacter adhaerens, 95.0, 86.44, 0.78; GCF_900188315.1, s__, 95.0, 86.35, 0.74; GCF_001045555.1, s__Marinobacter subterrani, 95.0, 82.9, 0.66; GCF_002744735.1, s__Marinobacter guineae, 95.0, 82.82, 0.67; GCF_900115175.1, s__Marinobacter gudaonensis, 95.0, 81.41, 0.61; GCF_900114925.1, s__Marinobacter pelagius, 95.0, 80.36, 0.48; GCF_001854125.1, s__Marinobacter salinus, 95.0, 80.07, 0.47; GCF_000475255.1, s__, 95.0, 79.86, 0.39; GCF_002258215.1, s__Marinobacter vinifirmus, 95.0, 79.85, 0.41; GCF_001895225.1, s__Marinobacter hydrocarbonoclasticus_A, 95.0, 79.77, 0.41; GCF_001574445.1, s__Marinobacter excellens, 95.0, 79.68, 0.42; GCF_000284615.1, s__Marinobacter hydrocarbonoclasticus, 95.0, 79.65, 0.42; GCF_000830985.1, s__Marinobacter similis, 95.0, 79.64, 0.47; GCF_000397065.2, s__Marinobacter lipolyticus, 95.0, 79.6, 0.41; GCF_000686085.1, s__, 95.0, 79.47, 0.45; GCF_001447155.2, s__, 95.0, 79.44, 0.44; GCF_000347775.1, s__Marinobacter santoriniensis, 95.0, 79.38, 0.4; GCF_000831005.1, s__Marinobacter salarius, 95.0, 79.34, 0.39; GCF_000170835.1, s__Marinobacter algicola, 95.0, 79.33, 0.4; GCA_002714765.1, s__Marinobacter sp4, 95.0, 79.28, 0.38; GCF_000708045.1, s__Marinobacter nitratireducens, 95.0, 79.24, 0.38; GCF_900114155.1, s__Marinobacter persicus, 95.0, 79.13, 0.3; GCF_002744715.1, s__, 95.0, 79.12, 0.38; GCA_001314845.1, s__Marinobacter excellens_A, 95.0, 79.06, 0.35; GCF_002806975.1, s__Marinobacter aromaticivorans, 95.0, 78.82, 0.36; GCF_001981305.1, s__Marinobacter lutaoensis, 95.0, 78.7, 0.37; GCA_002282495.1, s__, 95.0, 78.67, 0.16; GCF_900111555.1, s__Marinobacter segnicrescens, 95.0, 78.4, 0.23; GCF_900142385.1, s__Marinobacter antarcticus, 95.0, 78.37, 0.32; GCF_000421165.1, s__Marinobacter daepoensis, 95.0, 78.33, 0.3; GCF_900115285.1, s__Marinobacter daqiaonensis, 95.0, 78.3, 0.25; GCF_900114775.1, s__Marinobacter zhejiangensis, 95.0, 78.2, 0.24; GCF_900106945.1, s__Marinobacter mobilis, 95.0, 78.15, 0.24; GCF_002407605.1, s__, 95.0, 78.12, 0.28; GCF_002806945.1, s__Marinobacter salexigens, 95.0, 78.02, 0.29; GCF_001858325.1, s__, 95.0, 77.86, 0.29; GCF_002846515.1, s__, 95.0, 77.78, 0.28; GCF_000372805.1, s__Marinobacter lipolyticus_A, 95.0, 77.55, 0.17; GCF_001752365.1, s__, 95.0, 77.42, 0.17; GCF_001043175.1, s__Marinobacter psychrophilus, 95.0, 77.29, 0.15; GCF_000169375.1, s__, 95.0, 77.25, 0.2; GCF_002563885.1, s__, 95.0, 77.25, 0.18",69.81,0.990736705,N/A
SB_biofilm_MAG_72,d__Bacteria;p__Proteobacteria;c__Gammaproteobacteria;o__Pseudomonadales;f__Hahellaceae;g__Marinobacter;s__,GCF_000831005.1,95,d__Bacteria;p__Proteobacteria;c__Gammaproteobacteria;o__Pseudomonadales;f__Hahellaceae;g__Marinobacter;s__Marinobacter salarius,93.65,0.85,N/A,N/A,N/A,N/A,Placement,taxonomic classification fully defined by topology,"GCF_000170835.1, s__Marinobacter algicola, 95.0, 91.53, 0.84; GCF_000686085.1, s__, 95.0, 81.73, 0.59; GCF_001650765.1, s__Marinobacter sp3, 95.0, 79.38, 0.44; GCF_900114925.1, s__Marinobacter pelagius, 95.0, 79.29, 0.37; GCF_002744735.1, s__Marinobacter guineae, 95.0, 79.24, 0.4; GCF_000397065.2, s__Marinobacter lipolyticus, 95.0, 79.21, 0.41; GCF_000166295.1, s__Marinobacter adhaerens, 95.0, 79.13, 0.4; GCF_001045555.1, s__Marinobacter subterrani, 95.0, 79.13, 0.42; GCF_900188435.1, s__, 95.0, 79.09, 0.39; GCF_900115175.1, s__Marinobacter gudaonensis, 95.0, 79.07, 0.39; GCF_001717765.1, s__Marinobacter adhaerens_A, 95.0, 79.03, 0.42; GCF_000830985.1, s__Marinobacter similis, 95.0, 79.03, 0.37; GCF_000475255.1, s__, 95.0, 78.89, 0.32; GCF_002744715.1, s__, 95.0, 78.89, 0.34; GCF_900188315.1, s__, 95.0, 78.89, 0.4; GCF_002258215.1, s__Marinobacter vinifirmus, 95.0, 78.86, 0.34; GCF_001854125.1, s__Marinobacter salinus, 95.0, 78.74, 0.34; GCF_001447155.2, s__, 95.0, 78.65, 0.35; GCF_000284615.1, s__Marinobacter hydrocarbonoclasticus, 95.0, 78.64, 0.32; GCF_001895225.1, s__Marinobacter hydrocarbonoclasticus_A, 95.0, 78.63, 0.32; GCF_001574445.1, s__Marinobacter excellens, 95.0, 78.6, 0.35; GCF_000347775.1, s__Marinobacter santoriniensis, 95.0, 78.57, 0.31; GCF_900114155.1, s__Marinobacter persicus, 95.0, 78.42, 0.26; GCA_002282495.1, s__, 95.0, 78.28, 0.15; GCF_000708045.1, s__Marinobacter nitratireducens, 95.0, 78.25, 0.31; GCA_001314845.1, s__Marinobacter excellens_A, 95.0, 78.18, 0.29; GCF_001981305.1, s__Marinobacter lutaoensis, 95.0, 78.04, 0.33; GCF_900142385.1, s__Marinobacter antarcticus, 95.0, 78.02, 0.26; GCF_900111555.1, s__Marinobacter segnicrescens, 95.0, 77.98, 0.25; GCF_002806975.1, s__Marinobacter aromaticivorans, 95.0, 77.98, 0.27; GCF_000421165.1, s__Marinobacter daepoensis, 95.0, 77.96, 0.26; GCF_900106945.1, s__Marinobacter mobilis, 95.0, 77.9, 0.25; GCF_900114775.1, s__Marinobacter zhejiangensis, 95.0, 77.85, 0.24; GCF_900115285.1, s__Marinobacter daqiaonensis, 95.0, 77.77, 0.24; GCF_002806945.1, s__Marinobacter salexigens, 95.0, 77.75, 0.21; GCF_002407605.1, s__, 95.0, 77.53, 0.23; GCF_001858325.1, s__, 95.0, 77.46, 0.23; GCF_000372805.1, s__Marinobacter lipolyticus_A, 95.0, 77.27, 0.15; GCF_000169375.1, s__, 95.0, 77.19, 0.18; GCF_002846515.1, s__, 95.0, 77.19, 0.22; GCF_002563885.1, s__, 95.0, 77.19, 0.17; GCF_001752365.1, s__, 95.0, 77.01, 0.17; GCF_001043175.1, s__Marinobacter psychrophilus, 95.0, 76.9, 0.16",65.16,0.994824492,N/A
SB_biofilm_MAG_65,d__Bacteria;p__Proteobacteria;c__Gammaproteobacteria;o__Pseudomonadales;f__Saccharospirillaceae;g__Saccharospirillum;s__,GCF_000423605.1,95,d__Bacteria;p__Proteobacteria;c__Gammaproteobacteria;o__Pseudomonadales;f__Saccharospirillaceae;g__Saccharospirillum;s__Saccharospirillum impatiens,77.49,0.19,N/A,N/A,N/A,N/A,Placement,taxonomic novelty determined using RED,N/A,76.07,0.933495251,N/A
SB_biofilm_MAG_44,d__Bacteria;p__Proteobacteria;c__Gammaproteobacteria;o__Pseudomonadales;f__Pseudohongiellaceae;g__UBA9145;s__,GCA_002731775.1,95,d__Bacteria;p__Proteobacteria;c__Gammaproteobacteria;o__Pseudomonadales;f__Pseudohongiellaceae;g__UBA9145;s__,76.47,0.06,N/A,N/A,N/A,N/A,Placement,taxonomic classification fully defined by topology,"GCA_002684935.1, s__, 95.0, 76.25, 0.07; GCA_002730035.1, s__, 95.0, 76.14, 0.08",90.39,0.914539864,N/A